Song,BPM,Length,Key,Danceable,Energetic,Acoustic,Instrumental,Happy,Speechy,Live
Cabal,76,2:48,D#m,0.493369485,0.448828161,0.63725096,0.662221572,0.45434087,0.421800394,0.880988717
Hallucinations,72,2:46,F#m,0.475216726,0.39728424,0.728507817,0.734366886,0.435614216,0.324821478,0.910597265
Scrollin,81,3:14,Bm,0.529416951,0.346409649,0.723267615,0.68475169,0.494597678,0.522341208,0.584326684
Phone Sex,72,2:51,F#m,0.77,0.54,0.05,0,0.69,0,0
Trenches,76,3:23,Em,0.489310647,0.298677653,0.706552207,0.610964712,0.455241414,0.646046595,0.788414896
