Song,BPM,Length,Key,Danceable,Energetic,Acoustic,Instrumental,Happy,Speechy,Live
Cabal,76,2:48,D#m,0.49336948537943404,0.44882816076278687,0.6372509598731995,0.6622215715489961,0.45434087037180115,0.4218003939004199,0.8809887170791626
Hallucinations,72,2:46,F#m,0.4752167264620463,0.39728423953056335,0.7285078167915344,0.7343668859486607,0.4356142157072385,0.3248214779014307,0.9105972647666931
Scrollin,81,3:14,Bm,0.529416951040427,0.3464096486568451,0.7232676148414612,0.6847516901046451,0.49459767848269975,0.5223412079466,0.5843266844749451
Phone Sex,72,2:51,F#m,0.502005899945895,0.4047391414642334,0.6658536195755005,0.5848769410647077,0.42653786373134517,0.7597070708874214,1.0
